{"metadata":{"asset_id":"075704cd-1302-453c-836a-2094e05c7a36","asset_attributes":["data_asset"],"name":"fault_data.csv","asset_type":"data_asset","created_at":"2025-08-03T13:41:51Z","origin_country":"us","owner_id":"IBMid-6920010XH4","project_id":"22ea0f9c-963b-47d0-86db-e057ce9225bd","size":48759,"usage":{"last_update_time":1754228518045,"last_updated_at":"2025-08-03T13:41:58Z"}},"entity":{"data_asset":{"dataset":false,"mime_type":"text/csv"}},"attachments":[{"id":"a88aed78-98b3-4c69-b835-09cb062f93e2","version":2,"asset_type":"data_asset","name":"fault_data.csv","mime":"text/csv","datasource_type":"193a97c1-4475-4a19-b90c-295c4fdc6517","object_key":"fault_data.csv","creator_id":"IBMid-6920010XH4","create_time":1754228518043,"size":48759,"is_remote":false,"is_managed":false,"is_referenced":true,"is_object_key_read_only":true,"is_user_provided_path_key":true,"transfer_complete":true,"is_partitioned":false,"complete_time_ticks":1754228518043,"user_data":{},"test_doc":0,"handle":{"bucket":"powerfaultdetection-donotdelete-pr-xlqfjprkct9nvg","location":"us-south","type":"bluemix_cos","key":"fault_data.csv","upload_id":"done","max_part_num":1},"usage":{"access_count":0,"last_accessor_id":"IBMid-6920010XH4","last_access_time":1754228518043}}]}
