{"metadata":{"asset_id":"7b6f4f8e-8b9d-4997-8bda-2d8b975fc2d8","asset_attributes":["wml_pipeline"],"name":"Power_ML","asset_type":"wml_pipeline","created_at":"2025-08-03T13:43:37Z","origin_country":"us","owner_id":"IBMid-6920010XH4","project_id":"22ea0f9c-963b-47d0-86db-e057ce9225bd","sandbox_id":"22ea0f9c-963b-47d0-86db-e057ce9225bd","size":0,"tags":["dsx-project.22ea0f9c-963b-47d0-86db-e057ce9225bd"],"usage":{"last_update_time":1754228617512,"last_updated_at":"2025-08-03T13:43:37Z"}},"entity":{"wml_pipeline":{"document":{"doc_type":"pipeline","pipelines":[{"id":"autoai","nodes":[{"id":"automl","op":"kube","parameters":{"incremental_learning":false,"input_file_separator":",","n_parallel_data_connections":4,"one_vs_all_file":true,"optimization":{"compute_pipeline_notebooks_flag":true,"cv_num_folds":3,"daub_adaptive_subsampling_max_mem_usage":15000000000,"feature_selector_mode":"auto","global_stage_include_batched_ensemble_estimators":["BatchedTreeEnsembleClassifier(ExtraTreesClassifier)","BatchedTreeEnsembleClassifier(LGBMClassifier)","BatchedTreeEnsembleClassifier(RandomForestClassifier)","BatchedTreeEnsembleClassifier(SnapBoostingMachineClassifier)","BatchedTreeEnsembleClassifier(SnapRandomForestClassifier)","BatchedTreeEnsembleClassifier(XGBClassifier)"],"holdout_param":0.1,"label":"Fault Type","learning_type":"classification","max_num_daub_ensembles":2,"run_cognito_flag":true,"scorer_for_ranking":"accuracy"},"output_logs":true,"stage_flag":true},"runtime_ref":"autoai","type":"execution_node"}],"runtime_ref":"hybrid"}],"primary_pipeline":"autoai","runtimes":[{"app_data":{"wml_data":{"hardware_spec":{"id":"a6c4923b-b8e4-444c-9f43-8a7ec3020110","name":"L"}}},"id":"autoai","name":"auto_ai.kb"}],"version":"2.0"},"ml_version":"4.0.5"}}}
