{"metadata":{"asset_id":"f28c5dba-708c-4466-9460-76b91730399c","asset_attributes":["wml_model","location_definition","modelfacts_system"],"name":"Random Forest Classifier: Power_ML","asset_type":"wml_model","created_at":"2025-08-03T13:53:09Z","origin_country":"us","owner_id":"IBMid-6920010XH4","project_id":"22ea0f9c-963b-47d0-86db-e057ce9225bd","resource_key":"5fd98fa5-1a8a-43c9-a907-acf7de4b7588","sandbox_id":"22ea0f9c-963b-47d0-86db-e057ce9225bd","size":186998,"usage":{"last_update_time":1754229193544,"last_updated_at":"2025-08-03T13:53:13Z"}},"entity":{"wml_model":{"content_import_state":"completed","content_location":{"contents":[{"content_format":"pipeline-node","file_name":"P9_automl.zip","location":"auto_ml/9a137927-fc35-4044-bcd6-c381f839d091/wml_data/e15e863e-6117-435f-b6b0-760102eb76d1/assets/e15e863e-6117-435f-b6b0-760102eb76d1_P9_batch_ensemble_output/resources/wml_model/P9_automl.zip","pipeline_node_id":"automl"},{"content_format":"native","file_name":"pipeline_model.json","location":"auto_ml/9a137927-fc35-4044-bcd6-c381f839d091/wml_data/e15e863e-6117-435f-b6b0-760102eb76d1/assets/e15e863e-6117-435f-b6b0-760102eb76d1_P9_batch_ensemble_output/resources/wml_model/pipeline_model.json"}],"location":{"assets_path":"auto_ml/9a137927-fc35-4044-bcd6-c381f839d091/wml_data/e15e863e-6117-435f-b6b0-760102eb76d1/assets","notebooks_path":"auto_ml/9a137927-fc35-4044-bcd6-c381f839d091/wml_data/e15e863e-6117-435f-b6b0-760102eb76d1/notebooks","path":"auto_ml/9a137927-fc35-4044-bcd6-c381f839d091/wml_data","training":"auto_ml/9a137927-fc35-4044-bcd6-c381f839d091/wml_data/e15e863e-6117-435f-b6b0-760102eb76d1","training_log":"auto_ml/9a137927-fc35-4044-bcd6-c381f839d091/wml_data/e15e863e-6117-435f-b6b0-760102eb76d1/data/automl/training.log","training_status":"auto_ml/9a137927-fc35-4044-bcd6-c381f839d091/wml_data/e15e863e-6117-435f-b6b0-760102eb76d1/training-status.json"},"type":"container"},"data_preprocessing":[{"input":{"columns":13,"rows":506},"output":{"columns":13,"rows":506},"props":{"type":"stratified"},"stage":"sampling"},{"input":{"columns":13,"rows":506},"output":{"columns":13,"rows":506},"props":{"duplicated_rows_count":0},"stage":"cleansing"}],"hybrid_pipeline_software_specs":[{"name":"autoai-kb_rt24.1-py3.11"}],"label_column":"Fault Type","metrics":[{"context":{"classes":["Line Breakage","Overheating","Transformer Failure"],"features_importance":[{"computation_type":"","features":{"Down time (hrs)":0.1844,"Duration of Fault (hrs)":0.1678,"NewFeature_0_nxor(Temperature (°C)___Wind Speed (km/h)___)":0.0404,"NewFeature_10_nxor(round(Wind Speed (km/h))___Duration of Fault (hrs)___)":0.0682,"NewFeature_11_nxor(round(Wind Speed (km/h))___round(Temperature (°C))___)":0.0535,"NewFeature_1_nxor(Temperature (°C)___round(Wind Speed (km/h))___)":0.0388,"NewFeature_2_nxor(Wind Speed (km/h)___Temperature (°C)___)":0.0499,"NewFeature_4_nxor(Wind Speed (km/h)___round(Temperature (°C))___)":0.0415,"NewFeature_5_nxor(Duration of Fault (hrs)___Wind Speed (km/h)___)":0.0813,"NewFeature_6_nxor(Duration of Fault (hrs)___round(Wind Speed (km/h))___)":0.0638,"NewFeature_7_nxor(round(Temperature (°C))___Wind Speed (km/h)___)":0.0274,"NewFeature_9_nxor(round(Wind Speed (km/h))___Temperature (°C)___)":0.0558,"Power Load (MW)":0.1271},"stage":"Mean"}],"incremental_training":{},"intermediate_model":{"composition_steps":["Split_TrainingHoldout","TrainingDataset_full_455_10","Column Selection","Datetime_FE","TrainingDataset_full_455_10","Preprocessor_default","DAUB","hpo_d","cognito","hpo_c","Ensemble"],"duration":56796,"location":{"model":"auto_ml/9a137927-fc35-4044-bcd6-c381f839d091/wml_data/e15e863e-6117-435f-b6b0-760102eb76d1/data/automl/batch_ensemble_output/Pipeline5/model.pickle","pipeline":"auto_ml/9a137927-fc35-4044-bcd6-c381f839d091/wml_data/e15e863e-6117-435f-b6b0-760102eb76d1/data/automl/batch_ensemble_output/Pipeline5/pipeline.json","pipeline_model":"auto_ml/9a137927-fc35-4044-bcd6-c381f839d091/wml_data/e15e863e-6117-435f-b6b0-760102eb76d1/data/automl/batch_ensemble_output/Pipeline5/pipeline-model.json"},"name":"P9","notebook_location":"auto_ml/9a137927-fc35-4044-bcd6-c381f839d091/wml_data/e15e863e-6117-435f-b6b0-760102eb76d1/data/automl/batch_ensemble_output/Pipeline5/incremental_learning_notebook.ipynb","pipeline_nodes":["ColumnSelector","PreprocessingTransformer","autoai_libs.cognito.transforms.transform_utils.TA1","autoai_libs.cognito.transforms.transform_utils.FS1","autoai_libs.cognito.transforms.transform_utils.TGen","autoai_libs.cognito.transforms.transform_utils.FS1","BatchedTreeEnsembleClassifier(base_estimator=RandomForestClassifier)"],"process":"batch_ensemble_output","schema_location":"auto_ml/9a137927-fc35-4044-bcd6-c381f839d091/wml_data/e15e863e-6117-435f-b6b0-760102eb76d1/data/automl/batch_ensemble_output/Pipeline5/schema.json"},"multi_class_classification":{"one_vs_all_location":"auto_ml/9a137927-fc35-4044-bcd6-c381f839d091/wml_data/e15e863e-6117-435f-b6b0-760102eb76d1/data/automl/batch_ensemble_output/Pipeline5/one_vs_all.json"},"phase":"batch_ensemble_output","prediction_type":"classification","target_column":"Fault Type"},"ml_metrics":{"holdout_accuracy":0.3137254901960784,"holdout_f1_macro":0.30061360297294965,"holdout_f1_micro":0.3137254901960784,"holdout_f1_weighted":0.3006136029729496,"holdout_neg_log_loss":-1.1283691112411862,"holdout_precision_macro":0.29365079365079366,"holdout_precision_micro":0.3137254901960784,"holdout_precision_weighted":0.29365079365079366,"holdout_recall_macro":0.3137254901960784,"holdout_recall_micro":0.3137254901960784,"holdout_recall_weighted":0.3137254901960784,"training_accuracy":0.40869350528639475,"training_f1_macro":0.40482708796688144,"training_f1_micro":0.40869350528639475,"training_f1_weighted":0.405679905636758,"training_neg_log_loss":-1.102332753526758,"training_precision_macro":0.4069948584049398,"training_precision_micro":0.40869350528639475,"training_precision_weighted":0.4075309270821566,"training_recall_macro":0.4075228381951071,"training_recall_micro":0.40869350528639475,"training_recall_weighted":0.40869350528639475},"timestamp":"2025-08-03T13:47:14Z"}],"pipeline":{"id":"7b6f4f8e-8b9d-4997-8bda-2d8b975fc2d8"},"schemas":{"input":[{"fields":[{"name":"Fault ID","nullable":false,"type":"other"},{"name":"Fault Location (Latitude, Longitude)","nullable":false,"type":"other"},{"name":"Voltage (V)","nullable":false,"type":"double"},{"name":"Current (A)","nullable":false,"type":"double"},{"name":"Power Load (MW)","nullable":false,"type":"double"},{"name":"Temperature (°C)","nullable":false,"type":"double"},{"name":"Wind Speed (km/h)","nullable":false,"type":"double"},{"name":"Weather Condition","nullable":false,"type":"other"},{"name":"Maintenance Status","nullable":false,"type":"other"},{"name":"Component Health","nullable":false,"type":"other"},{"name":"Duration of Fault (hrs)","nullable":false,"type":"double"},{"name":"Down time (hrs)","nullable":false,"type":"double"}],"id":"auto_ai_kb_input_schema"}],"output":[]},"software_spec":{"id":"8c1a58c6-62b5-4dc4-987a-df751c2756b6","name":"hybrid_0.1"},"training_data_references":[{"connection":{},"id":"fault_data.csv","location":{"href":"/v2/assets/075704cd-1302-453c-836a-2094e05c7a36?project_id=22ea0f9c-963b-47d0-86db-e057ce9225bd","id":"075704cd-1302-453c-836a-2094e05c7a36","project_id":"22ea0f9c-963b-47d0-86db-e057ce9225bd","userfs":"false"},"schema":{"fields":[{"name":"Fault ID","nullable":false,"type":"other"},{"name":"Fault Location (Latitude, Longitude)","nullable":false,"type":"other"},{"name":"Voltage (V)","nullable":false,"type":"double"},{"name":"Current (A)","nullable":false,"type":"double"},{"name":"Power Load (MW)","nullable":false,"type":"double"},{"name":"Temperature (°C)","nullable":false,"type":"double"},{"name":"Wind Speed (km/h)","nullable":false,"type":"double"},{"name":"Weather Condition","nullable":false,"type":"other"},{"name":"Maintenance Status","nullable":false,"type":"other"},{"name":"Component Health","nullable":false,"type":"other"},{"name":"Duration of Fault (hrs)","nullable":false,"type":"double"},{"name":"Down time (hrs)","nullable":false,"type":"double"},{"name":"Fault Type","nullable":false,"type":"other"}],"id":"auto_ai_kb_input_schema"},"type":"data_asset"}],"training_id":"e15e863e-6117-435f-b6b0-760102eb76d1","type":"wml-hybrid_0.1","ml_version":"4.0.19"},"modelfacts_system":{"model_information":{"input_type":"","algorithm":"BatchedTreeEnsembleClassifier(base_estimator=RandomForestClassifier)","prediction_type":"classification","software_spec":"hybrid_0.1","software_spec_id":""},"training_information":{"features":12,"training_data_references":[{"training_data":"Training data name not found","training_data_href":"/v2/assets/075704cd-1302-453c-836a-2094e05c7a36?project_id=22ea0f9c-963b-47d0-86db-e057ce9225bd","source_type":"Source type not found","source":"","source_href":"","source_path":"","training_data_exists":false,"source_exists":true,"type":"data_asset"}],"hyper_parameters":""},"project_details":{"environment_type":"development","is_environmenttype_openscale_value":false,"is_imported_model":false},"model_identity_information":{"model_identity_key":"5fd98fa5-1a8a-43c9-a907-acf7de4b7588"}}},"attachments":[{"id":"2dd94189-e6e3-4dcd-a641-6f8cd24c19d9","version":2,"asset_type":"wml_model","name":"P9_automl.zip","datasource_type":"193a97c1-4475-4a19-b90c-295c4fdc6517","creator_id":"IBMid-6920010XH4","create_time":1754229190504,"size":184784,"is_remote":false,"is_managed":true,"is_referenced":false,"is_object_key_read_only":false,"is_user_provided_path_key":false,"transfer_complete":true,"is_partitioned":false,"complete_time_ticks":1754229191760,"user_data":{"content_format":"pipeline-node","pipeline_node_id":"automl"},"test_doc":0,"handle":{"bucket":"powerfaultdetection-donotdelete-pr-xlqfjprkct9nvg","location":"us-south","type":"bluemix_cos","key":"117928f1-1a30-4565-a5c7-bdbba9689090/f28c5dba-708c-4466-9460-76b91730399c/2dd94189-e6e3-4dcd-a641-6f8cd24c19d9","upload_id":"done","max_part_num":1},"usage":{"access_count":1,"last_accessor_id":"IBMid-6920010XH4","last_access_time":1754229191760,"last_updater_id":"IBMid-6920010XH4","last_update_time":1754229191760}},{"id":"15cec638-0080-4fdf-8cd5-47cb72866688","version":2,"asset_type":"wml_model","name":"pipeline_model.json","datasource_type":"193a97c1-4475-4a19-b90c-295c4fdc6517","creator_id":"IBMid-6920010XH4","create_time":1754229190574,"size":2214,"is_remote":false,"is_managed":true,"is_referenced":false,"is_object_key_read_only":false,"is_user_provided_path_key":false,"transfer_complete":true,"is_partitioned":false,"complete_time_ticks":1754229191853,"user_data":{"content_format":"native"},"test_doc":0,"handle":{"bucket":"powerfaultdetection-donotdelete-pr-xlqfjprkct9nvg","location":"us-south","type":"bluemix_cos","key":"117928f1-1a30-4565-a5c7-bdbba9689090/f28c5dba-708c-4466-9460-76b91730399c/15cec638-0080-4fdf-8cd5-47cb72866688","upload_id":"done","max_part_num":1},"usage":{"access_count":1,"last_accessor_id":"IBMid-6920010XH4","last_access_time":1754229191853,"last_updater_id":"IBMid-6920010XH4","last_update_time":1754229191853}}]}
